Feature,Mean_Abs_SHAP
num__EXT_SOURCE_MEAN,0.46478754
num__AMT_ANNUITY,0.10029705
num__ANNUITY_CREDIT_RATIO,0.098226026
num__GOODS_CREDIT_RATIO,0.09597756
num__EMPLOYMENT_YEARS,0.091662645
num__INST_LATE_PAYMENT_RATE,0.070243716
num__BUREAU_AMT_CREDIT_SUM_DEBT_MEAN,0.06933139
num__INST_AMT_PAYMENT_SUM,0.06641545
num__POS_CNT_INSTALMENT_FUTURE_VAR,0.0643898
num__DAYS_BIRTH,0.06311143
cat__CODE_GENDER_M,0.06278501
cat__NAME_FAMILY_STATUS_Married,0.059141174
cat__NAME_EDUCATION_TYPE_Higher education,0.055603206
num__EXT_SOURCE_MAX,0.05417026
cat__CODE_GENDER_F,0.05393255
num__PREV_PREV_CREDIT_APPL_RATIO_MEAN,0.04961287
num__PREV_REFUSAL_RATE,0.043543395
num__EXT_SOURCE_2_3,0.043427393
num__POS_POS_REMAINING_INST_RATIO_MEAN,0.042972997
num__ANNUITY_INCOME_RATIO,0.042759858
num__INST_DAYS_PAYMENT_DELAY_POSITIVE_MEAN,0.038160603
num__EXT_SOURCE_MIN,0.03782037
num__AMT_GOODS_PRICE,0.037420984
num__OWN_CAR_AGE,0.036087584
num__DAYS_ID_PUBLISH,0.03602762
cat__FLAG_OWN_CAR_N,0.034848068
num__EXT_SOURCE_1_MISSING,0.033670273
num__PREV_AMT_ANNUITY_MEAN,0.032314718
num__POS_POS_INSTALLMENT_PROGRESS_SUM,0.032165475
num__BUREAU_DAYS_CREDIT_MAX,0.031758167
num__FLAG_DOCUMENT_3,0.031067362
num__EXT_SOURCE_3,0.030299146
num__PREV_PREV_CREDIT_APPL_RATIO_MAX,0.028957022
num__INST_AMT_PAYMENT_MEAN,0.02873118
num__REGION_RATING_CLIENT_W_CITY,0.028407024
num__POS_MONTHS_BALANCE_VAR,0.02724439
num__POS_MONTHS_BALANCE_MAX,0.025886938
num__CC_CNT_DRAWINGS_ATM_CURRENT_MEAN,0.02482787
num__BUREAU_ACTIVE_COUNT,0.023752097
num__FLAG_WORK_PHONE,0.023126984
num__REGION_POPULATION_RELATIVE,0.022585766
num__BUREAU_ACTIVE_RATIO,0.02251458
num__CC_CC_UTILIZATION_RATIO_MAX,0.022263808
num__PREV_AMT_DOWN_PAYMENT_MAX,0.021855842
cat__NAME_EDUCATION_TYPE_Secondary / secondary special,0.02035532
num__INST_INSTALLMENT_PAYMENT_DIFF_MEAN,0.020207794
cat__NAME_INCOME_TYPE_Working,0.0195069
cat__ORGANIZATION_TYPE_Self-employed,0.018654685
num__POS_SK_DPD_DEF_MAX,0.017665463
num__CREDIT_INCOME_RATIO,0.017613957
num__PREV_CNT_PAYMENT_MEAN,0.017580729
num__POS_CNT_INSTALMENT_FUTURE_MAX,0.017033637
num__REG_CITY_NOT_LIVE_CITY,0.016296072
num__POS_CNT_INSTALMENT_FUTURE_MEAN,0.016198203
num__EXT_SOURCE_1_3,0.015800016
num__BUREAU_MORTGAGE_COUNT,0.015758103
num__DAYS_REGISTRATION,0.015517156
num__EXT_SOURCE_2,0.015453079
num__DEF_30_CNT_SOCIAL_CIRCLE,0.01498223
cat__ORGANIZATION_TYPE_Business Entity Type 3,0.014898497
num__BUREAU_AMT_CREDIT_SUM_DEBT_SUM,0.014412538
num__POS_NAME_CONTRACT_STATUS_Active,0.013957427
num__AMT_REQ_CREDIT_BUREAU_QRT,0.013924039
num__DAYS_LAST_PHONE_CHANGE,0.01372341
num__POS_MONTHS_BALANCE_MEAN,0.01366192
num__BUREAU_DAYS_CREDIT_MEAN,0.013534607
num__EXT_SOURCE_1_2,0.012999688
num__DEF_60_CNT_SOCIAL_CIRCLE,0.012953154
num__INST_AMT_INSTALMENT_MAX,0.012808604
num__EXT_SOURCE_STD,0.012803683
num__PREV_CNT_PAYMENT_MAX,0.012499389
num__INST_DAYS_PAID_EARLY_SUM,0.01229385
num__INST_NUM_INSTALMENT_NUMBER_MAX,0.01210395
num__BUREAU_AMT_CREDIT_SUM_SUM,0.012004185
num__BUREAU_AMT_CREDIT_SUM_MEAN,0.01190526
num__PREV_DAYS_DECISION_MAX,0.011645757
num__CC_CNT_DRAWINGS_CURRENT_MEAN,0.011441565
num__INST_INSTALLMENT_PAYMENT_DIFF_SUM,0.011428655
num__CC_CNT_DRAWINGS_CURRENT_MAX,0.011122879
num__INST_INSTALLMENT_PAYMENT_RATIO_MEAN,0.011035291
num__BB_MONTHS_BALANCE_COUNT_SUM,0.010758485
num__INST_NUM_INSTALMENT_NUMBER_MEAN,0.0107487505
num__BUREAU_DAYS_CREDIT_UPDATE_MEAN,0.010681024
cat__OCCUPATION_TYPE_Core staff,0.010407384
num__INST_INSTALLMENT_PAYMENT_DIFF_MAX,0.010294075
num__PREV_APPROVAL_RATE,0.009988804
cat__WALLSMATERIAL_MODE_Panel,0.009968462
num__CC_CC_DRAWING_LIMIT_RATIO_MEAN,0.00982173
cat__FLAG_OWN_CAR_Y,0.009758632
num__BUREAU_AMT_CREDIT_SUM_LIMIT_MAX,0.009421426
num__BUREAU_AMT_CREDIT_SUM_LIMIT_MEAN,0.009388234
num__YEARS_BEGINEXPLUATATION_MEDI,0.0092244465
num__POS_MONTHS_BALANCE_MIN,0.009169856
num__INST_DAYS_PAYMENT_DELAY_POSITIVE_MAX,0.009041514
num__INST_DAYS_PAID_EARLY_MAX,0.008990195
cat__NAME_CONTRACT_TYPE_Cash loans,0.008989865
num__BUREAU_AMT_CREDIT_SUM_MAX,0.008718299
num__EXT_SOURCE_1,0.008562472
num__AMT_INCOME_TOTAL,0.008228709
num__BUREAU_MICROLOAN_COUNT,0.008209885
num__CC_CC_UTILIZATION_RATIO_MEAN,0.008201394
num__PREV_CNT_PAYMENT_SUM,0.007854898
num__PREV_PREV_CREDIT_APPL_DIFF_MEAN,0.0076963264
num__CC_AMT_DRAWINGS_ATM_CURRENT_MEAN,0.0075663575
num__BUREAU_CLOSED_COUNT,0.007538174
num__APARTMENTS_AVG,0.007408226
num__PREV_RATE_DOWN_PAYMENT_MAX,0.00726119
num__POS_POS_REMAINING_INST_RATIO_VAR,0.0069677825
cat__OCCUPATION_TYPE_Drivers,0.006959896
num__PREV_AMT_DOWN_PAYMENT_MEAN,0.006877598
num__CC_AMT_PAYMENT_CURRENT_SUM,0.0068459334
num__POS_POS_REMAINING_INST_RATIO_SUM,0.0067208535
cat__NAME_INCOME_TYPE_State servant,0.0063559357
num__POS_MONTHS_BALANCE_SUM,0.0063519343
num__BUREAU_BALANCE_COVERAGE_RATIO,0.0063311253
num__PREV_PREV_CREDIT_APPL_DIFF_MAX,0.0061486666
num__BUREAU_DAYS_CREDIT_MIN,0.0060677975
num__PREV_CANCELLATION_RATE,0.0059780115
cat__ORGANIZATION_TYPE_Construction,0.0058714338
num__PREV_AMT_ANNUITY_SUM,0.00562645
num__CC_CC_PAYMENT_RECEIVABLE_RATIO_MAX,0.005564555
cat__WEEKDAY_APPR_PROCESS_START_MONDAY,0.005452087
num__HOUR_APPR_PROCESS_START,0.005348754
num__INST_INSTALLMENT_COUNT,0.00517456
cat__ORGANIZATION_TYPE_School,0.0050138603
num__INST_NUM_INSTALMENT_VERSION_NUNIQUE,0.0049575884
num__INST_DAYS_PAID_EARLY_MEAN,0.004934571
num__PREV_AMT_GOODS_PRICE_MEAN,0.0049191755
num__INST_INSTALLMENT_PAYMENT_RATIO_MIN,0.004897937
cat__OCCUPATION_TYPE_Laborers,0.0048806937
num__INST_UNDERPAYMENT_RATE,0.0048488765
num__CC_CC_MIN_PAYMENT_RATIO_MEAN,0.0047911643
num__CC_AMT_CREDIT_LIMIT_ACTUAL_MEAN,0.0047817873
num__PREV_DAYS_DECISION_MEAN,0.0046929717
num__PREV_AMT_CREDIT_SUM,0.00462716
num__OBS_30_CNT_SOCIAL_CIRCLE,0.0044934675
num__BUREAU_CREDIT_COUNT,0.004309208
num__PREV_AMT_ANNUITY_MAX,0.0042881616
num__PREV_AMT_GOODS_PRICE_MAX,0.0042285104
num__EXT_SOURCE_3_MISSING,0.0042199176
num__PREV_RATE_DOWN_PAYMENT_MEAN,0.0042142365
num__TOTALAREA_MODE,0.004130791
num__PREV_DAYS_DECISION_MIN,0.0040871785
cat__NAME_FAMILY_STATUS_Single / not married,0.003971765
num__BB_STATUS_X_COUNT_SUM,0.0038732234
num__FLAG_PHONE,0.003811682
num__BUREAU_CREDIT_CARD_COUNT,0.0037783375
num__CC_MONTHS_BALANCE_MEAN,0.0037276375
num__BUREAU_CREDITS_WITH_BALANCE_HISTORY,0.003615748
num__CC_AMT_CREDIT_LIMIT_ACTUAL_SUM,0.0036157467
cat__OCCUPATION_TYPE_Accountants,0.0035949077
num__CC_AMT_DRAWINGS_CURRENT_MEAN,0.0035824913
num__CC_AMT_BALANCE_MAX,0.003547279
num__FLOORSMAX_AVG,0.0035418435
cat__ORGANIZATION_TYPE_Military,0.0035170345
num__BB_STATUS_C_COUNT_SUM,0.0034629323
num__PREV_REFUSED_COUNT,0.003457402
num__CC_AMT_BALANCE_MEAN,0.0033135724
num__AMT_REQ_CREDIT_BUREAU_YEAR,0.0032648323
cat__NAME_HOUSING_TYPE_House / apartment,0.00319037
num__ELEVATORS_AVG,0.0031739562
num__BASEMENTAREA_AVG,0.0031737396
num__PREV_AMT_APPLICATION_MEAN,0.0031144493
num__BB_DELINQUENCY_RATE_MEAN,0.0030678418
num__INST_DAYS_PAYMENT_DELAY_POSITIVE_SUM,0.0030460237
cat__ORGANIZATION_TYPE_Transport: type 3,0.0029274619
num__POS_CNT_INSTALMENT_SUM,0.0028764955
num__LIVINGAPARTMENTS_AVG,0.0028519821
num__CC_CNT_DRAWINGS_ATM_CURRENT_SUM,0.002786997
num__HAS_INSTALLMENT_HISTORY,0.0027720006
num__POS_COUNT,0.0027552734
num__POS_NAME_CONTRACT_STATUS_Signed,0.0026560992
num__YEARS_BUILD_MEDI,0.0025807119
num__POS_CNT_INSTALMENT_MIN,0.0025759656
num__LIVINGAREA_AVG,0.0025675956
num__POS_NAME_CONTRACT_STATUS_Completed,0.002557333
num__POS_NAME_CONTRACT_STATUS_Returned to the store,0.0025191344
num__INST_INSTALLMENT_PAYMENT_RATIO_MAX,0.0024602022
cat__WEEKDAY_APPR_PROCESS_START_WEDNESDAY,0.002365015
num__CC_AMT_DRAWINGS_ATM_CURRENT_SUM,0.0022946126
num__BUREAU_OVERDUE_AMOUNT_SUM,0.002216366
num__ENTRANCES_AVG,0.0021987557
cat__OCCUPATION_TYPE_Sales staff,0.0020602387
num__CC_CNT_DRAWINGS_CURRENT_SUM,0.002040951
num__CC_CNT_INSTALMENT_MATURE_CUM_SUM,0.0020358474
num__CC_CC_MIN_PAYMENT_RATIO_MIN,0.0020212948
num__BUREAU_AMT_ANNUITY_MEAN,0.0020189132
cat__ORGANIZATION_TYPE_Industry: type 9,0.001998721
num__LANDAREA_MEDI,0.0019358294
num__BB_MONTHS_BALANCE_COUNT_MEAN,0.0019181421
num__INST_LATE_PAYMENT_SUM,0.0019071482
num__NONLIVINGAREA_AVG,0.0018482707
num__CC_AMT_PAYMENT_TOTAL_CURRENT_MEAN,0.001772027
num__CC_CC_MIN_PAYMENT_RATIO_SUM,0.0017087358
num__BUREAU_CREDIT_TYPE_COUNT,0.0016454672
cat__NAME_HOUSING_TYPE_Office apartment,0.0016201215
num__POS_SK_DPD_MAX,0.0015766835
num__COMMONAREA_AVG,0.0015354685
num__BB_MONTHS_BALANCE_COUNT_MAX,0.0015041366
num__BB_DELINQUENCY_RATE_MAX,0.0014794229
num__FLOORSMIN_AVG,0.0014459612
num__FLAG_DOCUMENT_18,0.0014152663
num__POS_SK_DPD_MEAN,0.0013929867
num__POS_LATE_RATE,0.001384926
num__NONLIVINGAPARTMENTS_MODE,0.0013828041
num__PREV_APPLICATION_COUNT,0.0013421741
cat__WEEKDAY_APPR_PROCESS_START_SATURDAY,0.0013233116
cat__OCCUPATION_TYPE_Low-skill Laborers,0.001307475
num__CC_AMT_BALANCE_SUM,0.0012711509
num__CC_AMT_PAYMENT_TOTAL_CURRENT_MAX,0.0012700855
num__BUREAU_SOLD_COUNT,0.001229379
num__CC_AMT_DRAWINGS_POS_CURRENT_MEAN,0.001227709
num__CC_AMT_DRAWINGS_ATM_CURRENT_MAX,0.0012160314
num__CC_CC_PAYMENT_RECEIVABLE_RATIO_MEAN,0.0012156246
num__INST_UNDERPAYMENT_SUM,0.0011776102
num__CC_AMT_BALANCE_MIN,0.0011489505
cat__FONDKAPREMONT_MODE_None,0.0011305538
cat__OCCUPATION_TYPE_High skill tech staff,0.001126677
num__PREV_APPROVED_COUNT,0.0011034112
num__CNT_CHILDREN,0.0010528197
num__CC_AMT_DRAWINGS_CURRENT_SUM,0.0010279982
cat__WEEKDAY_APPR_PROCESS_START_FRIDAY,0.0010182135
cat__ORGANIZATION_TYPE_Police,0.0010128773
num__CNT_FAM_MEMBERS,0.0010003644
num__FLAG_DOCUMENT_8,0.0009670341
num__FLAG_DOCUMENT_16,0.0009581466
num__CC_AMT_DRAWINGS_OTHER_CURRENT_MAX,0.00092563237
"cat__WALLSMATERIAL_MODE_Stone, brick",0.0009222578
num__CC_AMT_PAYMENT_CURRENT_MIN,0.0009220399
cat__EMERGENCYSTATE_MODE_No,0.00091808854
num__BB_STATUS_1_COUNT_SUM,0.0009141386
num__CC_CC_DRAWING_LIMIT_RATIO_MAX,0.000903096
num__HAS_POS_HISTORY,0.00088649633
num__CC_AMT_DRAWINGS_POS_CURRENT_SUM,0.00085071294
num__POS_CNT_INSTALMENT_FUTURE_MIN,0.00083546364
num__CC_AMT_CREDIT_LIMIT_ACTUAL_MIN,0.0008315239
cat__NAME_INCOME_TYPE_Pensioner,0.0007820286
num__CC_CC_PAYMENT_RECEIVABLE_RATIO_MIN,0.0007533736
num__BB_DELINQUENCY_COUNT_MEAN,0.0007446636
num__CC_SK_DPD_MAX,0.00073450076
cat__FLAG_OWN_REALTY_N,0.0007344571
num__BB_DELINQUENCY_COUNT_MAX,0.00072518043
num__PREV_UNUSED_COUNT,0.00072181766
num__CC_CC_DRAWING_LIMIT_RATIO_SUM,0.00071079336
num__CC_CC_UTILIZATION_RATIO_MIN,0.0007051497
num__CC_CNT_DRAWINGS_ATM_CURRENT_MAX,0.00070016744
num__PREV_CANCELED_COUNT,0.0006971441
cat__FONDKAPREMONT_MODE_reg oper spec account,0.00069705915
cat__WALLSMATERIAL_MODE_None,0.0006785721
num__CC_CNT_DRAWINGS_POS_CURRENT_MIN,0.00066688174
cat__WEEKDAY_APPR_PROCESS_START_TUESDAY,0.0006597592
num__CC_AMT_DRAWINGS_POS_CURRENT_MAX,0.00065826764
num__CC_AMT_CREDIT_LIMIT_ACTUAL_MAX,0.00065802457
num__LIVE_CITY_NOT_WORK_CITY,0.00064276974
cat__ORGANIZATION_TYPE_Realtor,0.00062776875
cat__NAME_EDUCATION_TYPE_Lower secondary,0.0006205417
num__FLAG_DOCUMENT_13,0.0006186382
num__CC_AMT_DRAWINGS_CURRENT_MAX,0.0005838712
num__BB_EVER_SEVERE_DELINQUENCY_SUM,0.00057445915
cat__ORGANIZATION_TYPE_Security Ministries,0.0005704987
cat__WEEKDAY_APPR_PROCESS_START_THURSDAY,0.00056138326
cat__NAME_CONTRACT_TYPE_Revolving loans,0.00055234466
num__FLAG_DOCUMENT_6,0.0005453475
cat__NAME_EDUCATION_TYPE_Incomplete higher,0.0005404149
cat__NAME_HOUSING_TYPE_Rented apartment,0.0005328992
cat__ORGANIZATION_TYPE_Kindergarten,0.00053004397
num__BB_DELINQUENCY_COUNT_SUM,0.00047063254
cat__NAME_FAMILY_STATUS_Civil marriage,0.0004368946
num__POS_POS_REMAINING_INST_RATIO_MAX,0.00043175253
cat__NAME_FAMILY_STATUS_Separated,0.00043023328
cat__NAME_TYPE_SUITE_Unaccompanied,0.0004217834
cat__NAME_INCOME_TYPE_Commercial associate,0.00041843692
cat__OCCUPATION_TYPE_None,0.0003975181
num__AMT_REQ_CREDIT_BUREAU_DAY,0.00038937968
num__BUREAU_OVERDUE_COUNT,0.0003615743
num__CC_LATE_RATE,0.00035859618
cat__HOUSETYPE_MODE_None,0.00035737347
cat__OCCUPATION_TYPE_Medicine staff,0.00033354585
cat__ORGANIZATION_TYPE_Other,0.00030421736
num__BB_EVER_DELINQUENT_SUM,0.00029504517
cat__ORGANIZATION_TYPE_Medicine,0.0002939644
num__CC_MONTHS_BALANCE_MAX,0.00028208335
num__CC_SK_DPD_DEF_MAX,0.00027441166
cat__NAME_HOUSING_TYPE_Municipal apartment,0.0002693197
num__REG_REGION_NOT_WORK_REGION,0.0002534145
cat__ORGANIZATION_TYPE_Industry: type 3,0.0002470586
num__REG_CITY_NOT_WORK_CITY,0.00024019887
cat__ORGANIZATION_TYPE_Bank,0.00023485228
num__CC_SEVERE_DPD_RATE,0.00022626703
num__AMT_REQ_CREDIT_BUREAU_MON,0.00021946864
cat__FLAG_OWN_REALTY_Y,0.0002189939
num__BB_STATUS_2_PLUS_RATE_MAX,0.00021422097
num__CC_CNT_DRAWINGS_OTHER_CURRENT_MEAN,0.00021160164
num__LIVE_REGION_NOT_WORK_REGION,0.00021055886
cat__FONDKAPREMONT_MODE_reg oper account,0.00020118809
num__DAYS_EMPLOYED_ANOM,0.0001858762
num__FLAG_DOCUMENT_11,0.00018289726
num__CC_CNT_INSTALMENT_MATURE_CUM_MIN,0.0001805355
cat__ORGANIZATION_TYPE_Trade: type 7,0.00018003001
num__BUREAU_OVERDUE_DAYS_MAX,0.00017782213
cat__NAME_TYPE_SUITE_Family,0.0001752427
cat__OCCUPATION_TYPE_Managers,0.00017120158
cat__ORGANIZATION_TYPE_Security,0.00016620861
num__AMT_REQ_CREDIT_BUREAU_WEEK,0.00016004215
cat__EMERGENCYSTATE_MODE_None,0.00015494825
cat__ORGANIZATION_TYPE_Business Entity Type 2,0.00015132548
num__BB_STATUS_2_PLUS_COUNT_SUM,0.00014262558
cat__ORGANIZATION_TYPE_Industry: type 1,0.00012434233
num__CC_CNT_DRAWINGS_CURRENT_MIN,0.0001156439
cat__ORGANIZATION_TYPE_Trade: type 2,0.000112129615
num__CC_AMT_DRAWINGS_POS_CURRENT_MIN,0.000111848865
num__BUREAU_OVERDUE_RATIO,0.0001115821
cat__NAME_HOUSING_TYPE_With parents,0.00011113495
cat__OCCUPATION_TYPE_Cleaning staff,0.00010710844
num__CC_AMT_DRAWINGS_OTHER_CURRENT_MEAN,0.00010314093
num__CC_AMT_DRAWINGS_OTHER_CURRENT_SUM,0.00010035241
cat__HOUSETYPE_MODE_block of flats,9.930155e-05
cat__NAME_FAMILY_STATUS_Widow,9.6921234e-05
num__HAS_CREDIT_CARD_HISTORY,9.475211e-05
cat__ORGANIZATION_TYPE_Agriculture,9.168845e-05
num__FLAG_CONT_MOBILE,7.0727496e-05
cat__WALLSMATERIAL_MODE_Wooden,7.032008e-05
cat__ORGANIZATION_TYPE_Government,6.356774e-05
cat__HOUSETYPE_MODE_specific housing,6.259734e-05
cat__ORGANIZATION_TYPE_University,6.18625e-05
num__POS_POS_REMAINING_INST_RATIO_MIN,5.964861e-05
cat__ORGANIZATION_TYPE_Postal,5.7057612e-05
cat__ORGANIZATION_TYPE_Trade: type 6,5.2669853e-05
num__BB_STATUS_2_PLUS_RATE_MEAN,5.1463216e-05
cat__OCCUPATION_TYPE_Security staff,4.9822855e-05
num__FLAG_EMAIL,4.154082e-05
num__CC_CNT_DRAWINGS_OTHER_CURRENT_MAX,0.0
num__CC_AMT_INST_MIN_REGULARITY_MIN,0.0
num__POS_NAME_CONTRACT_STATUS_Canceled,0.0
num__CC_CNT_DRAWINGS_ATM_CURRENT_MIN,0.0
num__CC_AMT_PAYMENT_TOTAL_CURRENT_MIN,0.0
num__CC_SK_DPD_MIN,0.0
cat__ORGANIZATION_TYPE_Religion,0.0
cat__ORGANIZATION_TYPE_Restaurant,0.0
cat__WALLSMATERIAL_MODE_Others,0.0
cat__WALLSMATERIAL_MODE_Monolithic,0.0
cat__HOUSETYPE_MODE_terraced house,0.0
cat__WALLSMATERIAL_MODE_Block,0.0
cat__ORGANIZATION_TYPE_Telecom,0.0
cat__ORGANIZATION_TYPE_Services,0.0
cat__ORGANIZATION_TYPE_Trade: type 5,0.0
cat__ORGANIZATION_TYPE_Trade: type 4,0.0
cat__ORGANIZATION_TYPE_Trade: type 3,0.0
cat__WALLSMATERIAL_MODE_Mixed,0.0
num__FLAG_MOBIL,0.0
num__POS_NAME_CONTRACT_STATUS_Approved,0.0
num__CC_AMT_DRAWINGS_ATM_CURRENT_MIN,0.0
num__CC_AMT_DRAWINGS_OTHER_CURRENT_MIN,0.0
num__FLAG_DOCUMENT_5,0.0
num__POS_NAME_CONTRACT_STATUS_Amortized debt,0.0
num__FLAG_DOCUMENT_19,0.0
num__CC_AMT_DRAWINGS_CURRENT_MIN,0.0
num__FLAG_DOCUMENT_15,0.0
num__FLAG_DOCUMENT_17,0.0
num__FLAG_DOCUMENT_20,0.0
num__FLAG_DOCUMENT_14,0.0
num__POS_NAME_CONTRACT_STATUS_Demand,0.0
num__POS_NAME_CONTRACT_STATUS_nan,0.0
num__POS_NAME_CONTRACT_STATUS_XNA,0.0
cat__ORGANIZATION_TYPE_Trade: type 1,0.0
num__FLAG_DOCUMENT_7,0.0
num__FLAG_DOCUMENT_9,0.0
num__FLAG_DOCUMENT_10,0.0
num__FLAG_DOCUMENT_12,0.0
num__FLAG_DOCUMENT_21,0.0
num__POS_SK_DPD_DEF_MIN,0.0
num__CC_CARD_COUNT,0.0
num__CC_CC_DRAWING_LIMIT_RATIO_MIN,0.0
num__CC_SK_DPD_DEF_MIN,0.0
num__CC_CNT_DRAWINGS_OTHER_CURRENT_MIN,0.0
num__CC_CNT_DRAWINGS_OTHER_CURRENT_SUM,0.0
cat__OCCUPATION_TYPE_Realty agents,0.0
cat__NAME_FAMILY_STATUS_Unknown,0.0
cat__NAME_HOUSING_TYPE_Co-op apartment,0.0
cat__OCCUPATION_TYPE_Private service staff,0.0
cat__OCCUPATION_TYPE_IT staff,0.0
num__BUREAU_CREDIT_PROLONG_TOTAL,0.0
num__BUREAU_BAD_DEBT_COUNT,0.0
cat__OCCUPATION_TYPE_Cooking staff,0.0
cat__OCCUPATION_TYPE_HR staff,0.0
cat__NAME_TYPE_SUITE_Other_B,0.0
cat__NAME_TYPE_SUITE_Other_A,0.0
num__POS_SK_DPD_MIN,0.0
num__AMT_REQ_CREDIT_BUREAU_HOUR,0.0
num__FLAG_DOCUMENT_4,0.0
num__FLAG_DOCUMENT_2,0.0
cat__NAME_TYPE_SUITE_Children,0.0
cat__CODE_GENDER_XNA,0.0
cat__NAME_TYPE_SUITE_Group of people,0.0
"cat__NAME_TYPE_SUITE_Spouse, partner",0.0
cat__NAME_EDUCATION_TYPE_Academic degree,0.0
cat__NAME_INCOME_TYPE_Unemployed,0.0
cat__NAME_INCOME_TYPE_Businessman,0.0
cat__NAME_TYPE_SUITE_None,0.0
cat__NAME_INCOME_TYPE_Maternity leave,0.0
cat__NAME_INCOME_TYPE_Student,0.0
cat__OCCUPATION_TYPE_Secretaries,0.0
cat__ORGANIZATION_TYPE_Industry: type 7,0.0
cat__ORGANIZATION_TYPE_Industry: type 6,0.0
cat__ORGANIZATION_TYPE_Industry: type 5,0.0
cat__ORGANIZATION_TYPE_Industry: type 8,0.0
cat__ORGANIZATION_TYPE_Industry: type 2,0.0
cat__ORGANIZATION_TYPE_Industry: type 13,0.0
cat__ORGANIZATION_TYPE_Industry: type 12,0.0
cat__ORGANIZATION_TYPE_Emergency,0.0
cat__ORGANIZATION_TYPE_Industry: type 11,0.0
cat__ORGANIZATION_TYPE_Industry: type 10,0.0
cat__ORGANIZATION_TYPE_Housing,0.0
cat__ORGANIZATION_TYPE_Hotel,0.0
cat__ORGANIZATION_TYPE_Cleaning,0.0
cat__ORGANIZATION_TYPE_Culture,0.0
cat__ORGANIZATION_TYPE_Electricity,0.0
cat__ORGANIZATION_TYPE_Advertising,0.0
cat__WEEKDAY_APPR_PROCESS_START_SUNDAY,0.0
cat__OCCUPATION_TYPE_Waiters/barmen staff,0.0
cat__ORGANIZATION_TYPE_Business Entity Type 1,0.0
cat__ORGANIZATION_TYPE_Industry: type 4,0.0
num__REG_REGION_NOT_LIVE_REGION,0.0
cat__ORGANIZATION_TYPE_Insurance,0.0
cat__EMERGENCYSTATE_MODE_Yes,0.0
cat__ORGANIZATION_TYPE_Transport: type 2,0.0
cat__ORGANIZATION_TYPE_Transport: type 1,0.0
cat__ORGANIZATION_TYPE_Legal Services,0.0
cat__ORGANIZATION_TYPE_Mobile,0.0
cat__ORGANIZATION_TYPE_XNA,0.0
cat__ORGANIZATION_TYPE_Transport: type 4,0.0
cat__FONDKAPREMONT_MODE_org spec account,0.0
cat__FONDKAPREMONT_MODE_not specified,0.0
